	cellBC
80841	GEM_RT.AAACCCAAGCAGATAT
80844	GEM_RT.AGAAGCGGTGGATCAG
80845	GEM_RT.AGATGCTAGTGGTTGG
80846	GEM_RT.GTTCTATCAGGTCAGA
80847	GEM_RT.CAATTTCTCTAGCCTC
80848	GEM_RT.GGCGTCACATTGGATC
80851	GEM_RT.GCCCGAATCACGACTA
80852	GEM_RT.AGGTGTTGTAAGACCG
80855	GEM_RT.TTTCGATCAGGACTTT
80858	GEM_RT.TCAATCTCAACAAGTA
80860	GEM_RT.TATATCCTCTTGTGCC
80863	GEM_RT.TACATTCTCGGTTAGT
80865	GEM_RT.GAGCCTGAGCCTCATA
80868	GEM_RT.CATACCCTCTCCAAGA
80869	GEM_RT.TTTGATCTCCGAACGC
80872	GEM_RT.ACACCAATCCTGTAGA
80873	GEM_RT.ATGAGTCCATATCGGT
80875	GEM_RT.TAAGCACGTACTTCCC
80878	GEM_RT.GTGTGATTCCCTCAAC
80879	GEM_RT.CTGTGAATCTAAGGAA
80881	GEM_RT.TATCCTAAGCACGATG
80884	GEM_RT.GTGTTAGAGTCCCAGC
80885	GEM_RT.CGTTAGATCAACCGAT
80888	GEM_RT.GTCAAACAGTACCCTA
80889	GEM_RT.TTGTTGTAGGCAGCTA
80890	GEM_RT.TGAGCATCAATTGTGC
80893	GEM_RT.CATCCCAGTAGGAGGG
80895	GEM_RT.GACTGATAGACTGAGC
80896	GEM_RT.CTGCATCAGATACAGT
80899	GEM_RT.TCCGAAACAATACCTG
80902	GEM_RT.CGAGAAGAGGCACTCC
80904	GEM_RT.CTTCCGATCGTCAGAT
80907	GEM_RT.TGCAGGCGTCGTGATT
80909	GEM_RT.ACATCCCTCAAGAGTA
80912	GEM_RT.AGAACCTTCAGACCTA
80913	GEM_RT.CACTGGGGTTTGCAGT
80916	GEM_RT.GAACTGTTCATGGCCG
80917	GEM_RT.TATGTTCGTGTCCATA
80920	GEM_RT.AGAGAGCCACAATTCG
80921	GEM_RT.AGAGAGCCATCCGCGA
80923	GEM_RT.ATGGTTGAGGCTCCCA
80926	GEM_RT.TGTCAGATCCGTTGAA
80929	GEM_RT.GGGACTCTCAAGAGTA
80930	GEM_RT.TGAGGGAAGGATGCGT
80933	GEM_RT.CTTCTCTAGCGTATAA
80935	GEM_RT.TACTTGTAGCGACAGT
80937	GEM_RT.ATGTCTTCAGGCTTGC
80938	GEM_RT.TACGGTAAGTCAGGGT
80941	GEM_RT.GTGAGTTTCTAGAACC
80944	GEM_RT.TTTCACAGTGATCGTT
80945	GEM_RT.CAGATACGTGCCCAGT
80946	GEM_RT.AGATCCAGTGGACTAG
80950	GEM_RT.GTCGCGATCTGGTGCG
80952	GEM_RT.TCAATTCGTAGCTAAA
80953	GEM_RT.GTACAGTGTAGCGTTT
80956	GEM_RT.GCTTCACGTGTTAGCT
80959	GEM_RT.GGCAGTCGTATGTGTC
80960	GEM_RT.TTCCTCTTCTCGTGGG
80963	GEM_RT.GAGACTTTCTTTGCGC
80966	GEM_RT.CGCATAATCAAACTGC
80969	GEM_RT.AAGATAGAGTTGTAGA
80970	GEM_RT.AGAAGTAGTGCATCTA
80976	GEM_RT.GAATCGTAGGGACAGG
80977	GEM_RT.CACAACACACTTACAG
80978	GEM_RT.ACGCACGTCCTTATAC
80979	GEM_RT.TACCGGGTCCGAAGGA
80982	GEM_RT.GTGTCCTCAAGAGAGA
80984	GEM_RT.TTGTGTTCACAACCGC
80987	GEM_RT.GTTACAGCATGGATCT
80988	GEM_RT.AGGCCACCAGCATGCC
80991	GEM_RT.TTAATCCAGGTTCTTG
80995	GEM_RT.CTTTCAACACTTCAGA
80998	GEM_RT.CGGGACTGTTAGAAAC
80999	GEM_RT.GCAGTTACATCAGCGC
81000	GEM_RT.GATGCTACACGTCGGT
81001	GEM_RT.CCGATGGCACGAGAAC
81004	GEM_RT.GAAGCCCGTGCCCTTT
81005	GEM_RT.CGGGCATTCCAGCCTT
81011	GEM_RT.GTGTTCCCATAGGTTC
81014	GEM_RT.TGGATGTCACACACTA
81018	GEM_RT.GTCATCCTCCTCAGAA
81019	GEM_RT.ATCGTGAAGAAATGGG
81024	GEM_RT.TGGAACTTCCACTTTA
81031	GEM_RT.GGTGAAGGTGTTGACT
81032	GEM_RT.TTGTGTTGTTGTCAGT
81034	GEM_RT.ACGTCCTGTATCAAGA
81038	GEM_RT.CTCACTGGTAGAGCTG
81040	GEM_RT.ATACCTTCAACAAAGT
81044	GEM_RT.CAAAGAAGTAGACGTG
81047	GEM_RT.TACGCTCGTGATGAAT
81050	GEM_RT.GTAATCGTCACTAGCA
81052	GEM_RT.CCCTCAAAGGGTTGCA
81058	GEM_RT.CATGCAACATCGATGT
81059	GEM_RT.ACAGAAATCATGGAGG
81062	GEM_RT.CATGCAATCCTAAGTG
81077	GEM_RT.GATTTCTTCGCCAGTG
81085	GEM_RT.GGTGATTCAGCCGTCA
81091	GEM_RT.GAAGCGAGTCGGTGAA
81092	GEM_RT.CTATCCGGTAACATCC
81101	GEM_RT.AGGCCACCAATACAGA
81108	GEM_RT.GCCAGGTTCTAGACAC
81110	GEM_RT.GCTGCAGCATTGCCGG
81117	GEM_RT.CTCCAACAGATTTGCC
81118	GEM_RT.CAGGCCACAGCCGTTG
81123	GEM_RT.GTTGTGATCATGGGAG
81146	GEM_RT.TAGCACAGTCGGTGAA
